{"eval_loss": 0.9918906826239365, "HATE/precision": 0.0, "HATE/recall": 0.0, "HATE/f1-score": 0.0, "HATE/support": 111, "OFFN/precision": 0.515970515970516, "OFFN/recall": 1.0, "OFFN/f1-score": 0.6807131280388979, "OFFN/support": 210, "PRFN/precision": 0.0, "PRFN/recall": 0.0, "PRFN/f1-score": 0.0, "PRFN/support": 86, "accuracy": 0.515970515970516, "macro avg/precision": 0.171990171990172, "macro avg/recall": 0.3333333333333333, "macro avg/f1-score": 0.22690437601296598, "macro avg/support": 407, "weighted avg/precision": 0.2662255733508805, "weighted avg/recall": 0.515970515970516, "weighted avg/f1-score": 0.35122790390213404, "weighted avg/support": 407, "global_step": 5, "loss": 1.1056831419467925}
{"eval_loss": 0.8657958828485929, "HATE/precision": 0.975, "HATE/recall": 0.35135135135135137, "HATE/f1-score": 0.5165562913907285, "HATE/support": 111, "OFFN/precision": 0.5741758241758241, "OFFN/recall": 0.9952380952380953, "OFFN/f1-score": 0.7282229965156795, "OFFN/support": 210, "PRFN/precision": 1.0, "PRFN/recall": 0.03488372093023256, "PRFN/f1-score": 0.06741573033707865, "PRFN/support": 86, "accuracy": 0.6167076167076168, "macro avg/precision": 0.8497252747252747, "macro avg/recall": 0.4604910558398931, "macro avg/f1-score": 0.4373983394144955, "macro avg/support": 407, "weighted avg/precision": 0.7734690984690984, "weighted avg/recall": 0.6167076167076168, "weighted avg/f1-score": 0.5308656767116765, "weighted avg/support": 407, "global_step": 10, "loss": 1.028526520729065}
{"eval_loss": 0.7730937966933618, "HATE/precision": 0.9743589743589743, "HATE/recall": 0.34234234234234234, "HATE/f1-score": 0.5066666666666667, "HATE/support": 111, "OFFN/precision": 0.6764705882352942, "OFFN/recall": 0.8761904761904762, "OFFN/f1-score": 0.7634854771784232, "OFFN/support": 210, "PRFN/precision": 0.6145833333333334, "PRFN/recall": 0.686046511627907, "PRFN/f1-score": 0.6483516483516484, "PRFN/support": 86, "accuracy": 0.6904176904176904, "macro avg/precision": 0.7551376319758673, "macro avg/recall": 0.6348597767202419, "macro avg/f1-score": 0.6395012640655794, "macro avg/support": 407, "weighted avg/precision": 0.7446359615477263, "weighted avg/recall": 0.6904176904176904, "weighted avg/f1-score": 0.6691159507757019, "weighted avg/support": 407, "global_step": 15, "loss": 0.9520861864089966}
{"eval_loss": 0.664900731581908, "HATE/precision": 0.808695652173913, "HATE/recall": 0.8378378378378378, "HATE/f1-score": 0.8230088495575221, "HATE/support": 111, "OFFN/precision": 0.753968253968254, "OFFN/recall": 0.9047619047619048, "OFFN/f1-score": 0.8225108225108226, "OFFN/support": 210, "PRFN/precision": 0.85, "PRFN/recall": 0.3953488372093023, "PRFN/f1-score": 0.5396825396825397, "PRFN/support": 86, "accuracy": 0.7788697788697788, "macro avg/precision": 0.804221302047389, "macro avg/recall": 0.712649526603015, "macro avg/f1-score": 0.7284007372502947, "macro avg/support": 407, "weighted avg/precision": 0.7891856283160631, "weighted avg/recall": 0.7788697788697788, "weighted avg/f1-score": 0.7628844064885899, "weighted avg/support": 407, "global_step": 20, "loss": 0.8124877035617828}
{"eval_loss": 0.596780600456091, "HATE/precision": 0.8648648648648649, "HATE/recall": 0.8648648648648649, "HATE/f1-score": 0.8648648648648649, "HATE/support": 111, "OFFN/precision": 0.7911646586345381, "OFFN/recall": 0.9380952380952381, "OFFN/f1-score": 0.8583877995642701, "OFFN/support": 210, "PRFN/precision": 0.8936170212765957, "PRFN/recall": 0.4883720930232558, "PRFN/f1-score": 0.631578947368421, "PRFN/support": 86, "accuracy": 0.8230958230958231, "macro avg/precision": 0.8498821815919996, "macro avg/recall": 0.7637773986611197, "macro avg/f1-score": 0.7849438705991854, "macro avg/support": 407, "weighted avg/precision": 0.8329131256585754, "weighted avg/recall": 0.8230958230958231, "weighted avg/f1-score": 0.8122290599070786, "weighted avg/support": 407, "global_step": 25, "loss": 0.7900899350643158}
{"eval_loss": 0.5643314512876364, "HATE/precision": 0.8921568627450981, "HATE/recall": 0.8198198198198198, "HATE/f1-score": 0.8544600938967136, "HATE/support": 111, "OFFN/precision": 0.7786561264822134, "OFFN/recall": 0.9380952380952381, "OFFN/f1-score": 0.8509719222462202, "OFFN/support": 210, "PRFN/precision": 0.8846153846153846, "PRFN/recall": 0.5348837209302325, "PRFN/f1-score": 0.6666666666666665, "PRFN/support": 86, "accuracy": 0.8206388206388207, "macro avg/precision": 0.8518094579475654, "macro avg/recall": 0.7642662596150968, "macro avg/f1-score": 0.7906995609365334, "macro avg/support": 407, "weighted avg/precision": 0.8320002982872085, "weighted avg/recall": 0.8206388206388207, "weighted avg/f1-score": 0.8129791337286849, "weighted avg/support": 407, "global_step": 30, "loss": 0.6169779479503632}
