{"eval_loss": 1.0158929228782654, "HATE/precision": 1.0, "HATE/recall": 0.009009009009009009, "HATE/f1-score": 0.01785714285714286, "HATE/support": 111, "OFFN/precision": 0.5172413793103449, "OFFN/recall": 1.0, "OFFN/f1-score": 0.6818181818181819, "OFFN/support": 210, "PRFN/precision": 0.0, "PRFN/recall": 0.0, "PRFN/f1-score": 0.0, "PRFN/support": 86, "accuracy": 0.5184275184275184, "macro avg/precision": 0.5057471264367815, "macro avg/recall": 0.3363363363363363, "macro avg/f1-score": 0.23322510822510825, "macro avg/support": 407, "weighted avg/precision": 0.5396085740913328, "weighted avg/recall": 0.5184275184275184, "weighted avg/f1-score": 0.35666820894093626, "weighted avg/support": 407, "global_step": 5, "loss": 1.0747113704681397}
{"eval_loss": 1.0247482382334197, "HATE/precision": 0.0, "HATE/recall": 0.0, "HATE/f1-score": 0.0, "HATE/support": 111, "OFFN/precision": 0.515970515970516, "OFFN/recall": 1.0, "OFFN/f1-score": 0.6807131280388979, "OFFN/support": 210, "PRFN/precision": 0.0, "PRFN/recall": 0.0, "PRFN/f1-score": 0.0, "PRFN/support": 86, "accuracy": 0.515970515970516, "macro avg/precision": 0.171990171990172, "macro avg/recall": 0.3333333333333333, "macro avg/f1-score": 0.22690437601296598, "macro avg/support": 407, "weighted avg/precision": 0.2662255733508805, "weighted avg/recall": 0.515970515970516, "weighted avg/f1-score": 0.35122790390213404, "weighted avg/support": 407, "global_step": 10, "loss": 1.0941844880580902}
{"eval_loss": 0.995180029135484, "HATE/precision": 1.0, "HATE/recall": 0.018018018018018018, "HATE/f1-score": 0.035398230088495575, "HATE/support": 111, "OFFN/precision": 0.5185185185185185, "OFFN/recall": 1.0, "OFFN/f1-score": 0.6829268292682926, "OFFN/support": 210, "PRFN/precision": 0.0, "PRFN/recall": 0.0, "PRFN/f1-score": 0.0, "PRFN/support": 86, "accuracy": 0.5208845208845209, "macro avg/precision": 0.5061728395061729, "macro avg/recall": 0.33933933933933935, "macro avg/f1-score": 0.23944168645226274, "macro avg/support": 407, "weighted avg/precision": 0.5402675402675403, "weighted avg/recall": 0.5208845208845209, "weighted avg/f1-score": 0.3620241712190773, "weighted avg/support": 407, "global_step": 15, "loss": 1.138174933195114}
{"eval_loss": 0.9772226764605596, "HATE/precision": 1.0, "HATE/recall": 0.018018018018018018, "HATE/f1-score": 0.035398230088495575, "HATE/support": 111, "OFFN/precision": 0.5185185185185185, "OFFN/recall": 1.0, "OFFN/f1-score": 0.6829268292682926, "OFFN/support": 210, "PRFN/precision": 0.0, "PRFN/recall": 0.0, "PRFN/f1-score": 0.0, "PRFN/support": 86, "accuracy": 0.5208845208845209, "macro avg/precision": 0.5061728395061729, "macro avg/recall": 0.33933933933933935, "macro avg/f1-score": 0.23944168645226274, "macro avg/support": 407, "weighted avg/precision": 0.5402675402675403, "weighted avg/recall": 0.5208845208845209, "weighted avg/f1-score": 0.3620241712190773, "weighted avg/support": 407, "global_step": 20, "loss": 1.091562020778656}
{"eval_loss": 0.9649326388652508, "HATE/precision": 1.0, "HATE/recall": 0.018018018018018018, "HATE/f1-score": 0.035398230088495575, "HATE/support": 111, "OFFN/precision": 0.5198019801980198, "OFFN/recall": 1.0, "OFFN/f1-score": 0.6840390879478827, "OFFN/support": 210, "PRFN/precision": 1.0, "PRFN/recall": 0.011627906976744186, "PRFN/f1-score": 0.022988505747126436, "PRFN/support": 86, "accuracy": 0.5233415233415234, "macro avg/precision": 0.8399339933993399, "macro avg/recall": 0.3432153083315874, "macro avg/f1-score": 0.24747527459450155, "macro avg/support": 407, "weighted avg/precision": 0.7522319799547522, "weighted avg/recall": 0.5233415233415234, "weighted avg/f1-score": 0.3674555860027795, "weighted avg/support": 407, "global_step": 25, "loss": 1.0676425397396088}
{"eval_loss": 0.9601614796198331, "HATE/precision": 1.0, "HATE/recall": 0.018018018018018018, "HATE/f1-score": 0.035398230088495575, "HATE/support": 111, "OFFN/precision": 0.5198019801980198, "OFFN/recall": 1.0, "OFFN/f1-score": 0.6840390879478827, "OFFN/support": 210, "PRFN/precision": 1.0, "PRFN/recall": 0.011627906976744186, "PRFN/f1-score": 0.022988505747126436, "PRFN/support": 86, "accuracy": 0.5233415233415234, "macro avg/precision": 0.8399339933993399, "macro avg/recall": 0.3432153083315874, "macro avg/f1-score": 0.24747527459450155, "macro avg/support": 407, "weighted avg/precision": 0.7522319799547522, "weighted avg/recall": 0.5233415233415234, "weighted avg/f1-score": 0.3674555860027795, "weighted avg/support": 407, "global_step": 30, "loss": 0.9817631959915161}
